naam oliehandel;naam oliewereld;oliehandel prijs;oliewereld prijs
Castrol Edge 5W30 C3;CASTROL EDGE 5W30 C3 TITANIUM;740;744
Castrol Edge 5W30 C3;CASTROL EDGE 5W30 C3 TITANIUM;740;744
Castrol Chain Spray O-R 400ML;CASTROL CHAIN SPRAY O-R KETTINGSPRAY;740;744
Castrol Edge 0W30;CASTROL EDGE  0W30 C3;822;740
Castrol Greentec Bike Cleaner;CASTROL GREENTEC BIKE CLEANER;883;909
Castrol Magnatec Diesel 5W40 DPF B4;CASTROL MAGNATEC 5W40;740;620
Castrol Magnatec 5W40 C3;CASTROL MAGNATEC 5W40;740;620
Castrol Magnatec 5W40 A3/B4;CASTROL MAGNATEC 5W40;740;620
Castrol Power RS 2T;CASTROL POWER RS 2T;740;740
Castrol Power RS scooter 2T;CASTROL POWER RS 2T;740;740
Castrol Power RS 4T 10W40;CASTROL POWER RS 4T 10W40;822;740
Castrol Power RS 4T 20W50 4L;CASTROL POWER RS 4T 20W50;2145;661
Castrol Synthetic Fork Oil 5W 500ML;FORK OIL SYNTHETIC 5W;605;740
Castrol Edge 0W40;CASTROL EDGE 0W40;822;744
Castrol Magnatec Diesel 10W40 B4;CASTROL MAGNATEC 10W40;719;620
Castrol Magnatec 10W40 A3/B4;CASTROL MAGNATEC 10W40;740;620
Castrol Magnatec 5W40 C3;CASTROL MAGNATEC 10W40;740;620
Castrol Magnatec 5W30 C2;CASTROL MAGNATEC 5W30 C2;740;657
Castrol Power RS 4T 20W50 4L;CASTROL POWER RS 4T 20W50 4L;2145;2066
Castrol Synthetic Fork Oil 10W 500ML;FORK OIL SYNTHETIC 10W;605;740
Castrol Syntrans Transaxle 75W90;CASTROL SYNTRANS TRANSAXLE 75W90;1095;909
Castrol Syntrans V FE 75W80;Castrol Syntrans V FE 75W80;1070;950
